{"cameraMode":{"drawMode":0,"name":"Shaded","section":"Shading Mode"},"sceneLighting":true,"audioPlay":false,"sceneViewState":{"showFog":true,"showMaterialUpdate":true,"showSkybox":true,"showFlares":true,"showImageEffects":true,"showParticleSystems":true},"in2DMode":false,"pivot":{"x":0.27161309123039248,"y":0.2309001088142395,"z":0.23575757443904878},"rotation":{"x":0.3082471489906311,"y":0.2662598788738251,"z":-0.09030995517969132,"w":0.9088135957717896},"size":1.9244970083236695,"orthographic":false}