{"cameraMode":{"drawMode":0,"name":"Shaded","section":"Shading Mode"},"sceneLighting":false,"audioPlay":false,"sceneViewState":{"showFog":true,"showMaterialUpdate":true,"showSkybox":false,"showFlares":true,"showImageEffects":true,"showParticleSystems":true},"in2DMode":false,"pivot":{"x":-0.0057801008224487309,"y":1.3289767503738404,"z":-0.8073248863220215},"rotation":{"x":0.08721904456615448,"y":0.38704124093055727,"z":-0.03680726885795593,"w":0.9172041416168213},"size":0.17147287726402284,"orthographic":false}